is_number,is_title,reviewed_in,source,source_url,retrieved_from_official_bis
IS 1786,High strength deformed steel bars and wires for concrete reinforcement,,BIS Know Your Standards,https://standards.bis.gov.in/website/standard-details,True
IS 269:2015,Ordinary portland cement - Specification (Sixth Revision),2025.0,BIS Know Your Standards,https://standards.bis.gov.in/website/standard-details,True
IS 383:2016,Coarse and Fine Aggregate for Concrete - Specification (Third Revision),2025.0,BIS Know Your Standards,https://standards.bis.gov.in/website/standard-details,True
IS 432 (Part 1):2026,Specification for Mild Steel And Medium Tensile Steel Bars and Hard-Drawn Steel Wire for Concrete Reinforcement Part 1 Mild Steel and Medium Tensile Steel Bars Fourth Revision,,BIS Know Your Standards,https://standards.bis.gov.in/website/standard-details,True
IS 432 (Part 2):1982,Specification for Mild Steel and Medium Tensile Steel Bars and Hard-Drawn Steel Wire for Concrete Reinforcement: Part 2 Hard-Drawn Steel Wire (Third Revision),2025.0,BIS Know Your Standards,https://standards.bis.gov.in/website/standard-details,True
IS 455:1989,Portland Slag Cement - Specification,,BIS Know Your Standards,https://standards.bis.gov.in/website/standard-details,True
IS 456:2000,Plain and reinforced concrete - Code of practice (Fourth Revision),2025.0,BIS Know Your Standards,https://standards.bis.gov.in/website/standard-details,True
IS 6909:2026,Supersulphated Cement - Specification (Second Revision of IS 6909),,BIS Know Your Standards,https://standards.bis.gov.in/website/standard-details,True
IS 8041:2026,Rapid Hardening Portland Cement Specification Third Revision of IS 8041,,BIS Know Your Standards,https://standards.bis.gov.in/website/standard-details,True
IS 8042:1989,White Portland Cement,,BIS Know Your Standards,https://standards.bis.gov.in/website/standard-details,True
IS 8043:2026,Hydrophobic Portland Cement Specification Third Revision of IS 8043,,BIS Know Your Standards,https://standards.bis.gov.in/website/standard-details,True
IS 800:2007,General construction in steel - Code of practice (Third Revision),2022.0,BIS Know Your Standards,https://standards.bis.gov.in/website/standard-details,True
IS 801:1975,Code of practice for use of cold-Formed light gauge steel structural members in general building construction (First Revision),2026.0,BIS Know Your Standards,https://standards.bis.gov.in/website/standard-details,True
IS 803:1976,"Code of Practice for Design, Fabrication and Erection of Vertical Mild Steel Cylindrical Welded Oil Storage Tanks (First Revision)",2022.0,BIS Know Your Standards,https://standards.bis.gov.in/website/standard-details,True
IS 9484:1980,Specification for centre bolts for leaf springs,2024.0,BIS Know Your Standards,https://standards.bis.gov.in/website/standard-details,True
IS 4009 (Part 3):1995,Lubricating Equipment - Grease Nipples Part 3 Cup Type - Specification,2025.0,BIS Know Your Standards,https://standards.bis.gov.in/website/standard-details,True
IS 666 (Part 2):1972,Specification for jig bushes: Part 2 renewable drill bushes (Second Revision),2023.0,BIS Know Your Standards,https://standards.bis.gov.in/website/standard-details,True
IS 2014:1996,T - Bolts - Specification (Second Revision),2022.0,BIS Know Your Standards,https://standards.bis.gov.in/website/standard-details,True
IS 2995:1988,Specification for set collars (First Revision),2023.0,BIS Know Your Standards,https://standards.bis.gov.in/website/standard-details,True
IS 6336:1989,Screws for thrust pads (Fixtures) - Specification (First Revision),2025.0,BIS Know Your Standards,https://standards.bis.gov.in/website/standard-details,True
IS 12582:1989,Tommy screws with fixed bar Specification,2023.0,BIS Know Your Standards,https://standards.bis.gov.in/website/standard-details,True
IS 807:2006,"Design, erection and testing (Structural Portion) of cranes and hoists - Code of practice (Second Revision)",2026.0,BIS Know Your Standards,https://standards.bis.gov.in/website/standard-details,True
IS 3938:1983,Specification for electric wire rope hoists (Second Revision),2026.0,BIS Know Your Standards,https://standards.bis.gov.in/website/standard-details,True
IS 4009 (Part 1):1981,Specification for grease nipples: Part 1 button head grease nipples (First Revision),2025.0,BIS Know Your Standards,https://standards.bis.gov.in/website/standard-details,True
IS 4009 (Part 2):1981,Specification for grease nipples: Part 2 conical head grease nipples,2025.0,BIS Know Your Standards,https://standards.bis.gov.in/website/standard-details,True
IS 712:1984,Specification for building limes (Third Revision),2024.0,BIS Know Your Standards,https://standards.bis.gov.in/website/standard-details,True
IS 7921:1987,Specification for precast concrete blocks for lintels and sills,2022.0,BIS Know Your Standards,https://standards.bis.gov.in/website/standard-details,True
IS 3812:1981,Fly Ash For Use As Pozzolana And Admixture,2021.0,BIS Know Your Standards,https://standards.bis.gov.in/website/standard-details,True
IS 2386 (Part 4):1963,Methods of test for aggregates for concrete: Part 4 Mechanical properties,2026.0,BIS Know Your Standards,https://standards.bis.gov.in/website/standard-details,True
IS 702:2022,Industrial bitumen - Specification (Third Revision),2026.0,BIS Know Your Standards,https://standards.bis.gov.in/website/standard-details,True
IS 1609:1991,Damp-Proofing treatment using bitumen felts - Code of practice (Third Revision),2025.0,BIS Know Your Standards,https://standards.bis.gov.in/website/standard-details,True
IS 1343:2012,Prestressed Concrete - Code of Practice (Second Revision),2022.0,BIS Know Your Standards,https://standards.bis.gov.in/website/standard-details,True
IS 1199 (Part 2):2018,"Fresh Concrete - Methods of Sampling, Testing and Analysis: Part 2 Determination of Consistency of Fresh Concrete (First Revision)",2023.0,BIS Know Your Standards,https://standards.bis.gov.in/website/standard-details,True
IS 1199 (Part 3):2018,"Fresh Concrete - Methods of Sampling, Testing and Analysis: Part 3 Determination of Density of Fresh Concrete (First Revision)",2023.0,BIS Know Your Standards,https://standards.bis.gov.in/website/standard-details,True
IS 1199 (Part 4):2018,"Fresh Concrete - Methods of Sampling, Testing and Analysis: Part 4 Determination of Air Content of Fresh Concrete (First Revision)",2023.0,BIS Know Your Standards,https://standards.bis.gov.in/website/standard-details,True
IS 1893 (Part 1):2016,Design Earthquake Hazard and Criteria for Earthquake-Resistant Design of Structures Part 1 General Provisions (Seventh Revision),2025.0,BIS Know Your Standards,https://standards.bis.gov.in/website/standard-details,True
IS 15912:2018,Structural design using bamboo - Code of practice (First Revision),2022.0,BIS Know Your Standards,https://standards.bis.gov.in/website/standard-details,True
IS 16231 (Part 3):2019,Use of Glass in Buildings — Code of Practice Part 3 Fire and Loading (First Revision),2024.0,BIS Know Your Standards,https://standards.bis.gov.in/website/standard-details,True
IS 3177:2020,Electric Overhead Travelling Crane and Gantry Crane for all Applications — Code of Practice (Third Revision),2025.0,BIS Know Your Standards,https://standards.bis.gov.in/website/standard-details,True
IS 1323:1982,Code of practice for Oxy-Acetylene welding for structural work in mild steel (Second Revision),2023.0,BIS Know Your Standards,https://standards.bis.gov.in/website/standard-details,True
IS 2062 (Part 1):2025,Structural Steel - Part 1 - Hot Rolled Medium and High tensile Steel,,BIS Know Your Standards,https://standards.bis.gov.in/website/standard-details,True
IS 10262:2019,Concrete Mix Proportioning — Guidelines (Second Revision),2023.0,BIS Know Your Standards,https://standards.bis.gov.in/website/standard-details,True
IS 14418:2025,Bulk Handling Equipment Ship Loader Rail Mounted Design Manufacture and Erection Code of Practice,2025.0,BIS Know Your Standards,https://standards.bis.gov.in/website/standard-details,True
IS 1364 (Part 3):2026,"Hexagon head bolts, screws and nuts of product grades A and B: Part 3 Hexagon nuts, style 1 (Size range M5 To M39) (Sixth revision)",2026.0,BIS Know Your Standards,https://standards.bis.gov.in/website/standard-details,True
IS 1364 (Part 4):2025,"Hexagon head bolts, screws and nuts of product grades A and B: Part 4 Hexagon nuts, style 0 (Size range M1.6 to M64) (Fifth revision)",2025.0,BIS Know Your Standards,https://standards.bis.gov.in/website/standard-details,True
IS 1364 (Part 5):2002,"Hexagon head bolts, screws and nuts of product grades A and B: Part 5 hexagon thin nuts - Product grade B (Unchamfered) (Size Range M1.6 to M10) (Fourth Revision)",2023.0,BIS Know Your Standards,https://standards.bis.gov.in/website/standard-details,True
IS 12228:1987,Method for scale adhesion test for oxygen-free copper,2021.0,BIS Know Your Standards,https://standards.bis.gov.in/website/standard-details,True
IS 1169:1967,Specification for electric pedestal type fans and regulators (First Revision),2019.0,BIS Know Your Standards,https://standards.bis.gov.in/website/standard-details,True
IS 15656:2006,Hazard Identification and Risk Analysis - Code of Practice,2023.0,BIS Know Your Standards,https://standards.bis.gov.in/website/standard-details,True
IS 8976:1978,Guide for preparation and arrangement of sets of drawings and parts lists,2023.0,BIS Know Your Standards,https://standards.bis.gov.in/website/standard-details,True
IS 655:2006,Air ducts - Specification (Second Revision),2022.0,BIS Know Your Standards,https://standards.bis.gov.in/website/standard-details,True
IS 6041:1985,Code of practice for construction of autoclaved cellular concrete block masonry (First Revision),2025.0,BIS Know Your Standards,https://standards.bis.gov.in/website/standard-details,True
IS 1489 (Part 1):2015,Portland Pozzolana Cement - Specification: Part 1 fly Ash Based (Fourth Revision),2025.0,BIS Know Your Standards,https://standards.bis.gov.in/website/standard-details,True
IS 1893 (Part 2):2014,Criteria for Earthquake Resistant Design of Structures Part 2 Liquid Retaining Tanks,2024.0,BIS Know Your Standards,https://standards.bis.gov.in/website/standard-details,True
